,rouge1,rouge2,rougeL,rougeLsum
0,0.29824246215353645,0.16996730505693236,0.22085394423902696,0.24989415719508778
