,rouge1,rouge2,rougeL,rougeLsum
0,0.17129872030792,0.009010787459964649,0.07622680228540576,0.10245048567366259
