,rouge1,rouge2,rougeL,rougeLsum
0,0.19447680259127564,0.011930659718003658,0.08382012314738096,0.11251426868192461
