,rouge1,rouge2,rougeL,rougeLsum
0,0.3070362052422553,0.1783556485807101,0.23186182747938391,0.2621448417699061
