,rouge1,rouge2,rougeL,rougeLsum
0,0.19523821894426774,0.01202956138970453,0.08094923639654109,0.10813423018471158
