,rouge1,rouge2,rougeL,rougeLsum
0,0.1925167077010146,0.010881754115077495,0.07918941886336332,0.10625925022375063
