,rouge1,rouge2,rougeL,rougeLsum
0,0.17021401531448013,0.008030907155698536,0.07644805804334599,0.1027413320762446
