,rouge1,rouge2,rougeL,rougeLsum
0,0.1876324484146851,0.010378488264317282,0.07624440244765646,0.10175826886128937
