,rouge1,rouge2,rougeL,rougeLsum
0,0.1722607196518503,0.007844854078273424,0.07279892545887769,0.10176012592771336
