,rouge1,rouge2,rougeL,rougeLsum
0,0.1944761658614892,0.011373208625540115,0.07911805370020403,0.10907028858793744
