,rouge1,rouge2,rougeL,rougeLsum
0,0.28399262163279626,0.14744086877356916,0.196751704021142,0.20518482875401567
