,rouge1,rouge2,rougeL,rougeLsum
0,0.17237142530531216,0.008867230328282228,0.08022440094273392,0.13100338856655974
