,rouge1,rouge2,rougeL,rougeLsum
0,0.29061617422579444,0.14619270366674741,0.19820582286082583,0.20650099667235933
