,rouge1,rouge2,rougeL,rougeLsum
0,0.1653376363873544,0.008569616797938101,0.07352355744402408,0.10024685396316325
