,rouge1,rouge2,rougeL,rougeLsum
0,0.29708306890535136,0.1523974925643489,0.20396010442231793,0.21176676712850875
