,rouge1,rouge2,rougeL,rougeLsum
0,0.29257728053823445,0.15011369066454588,0.20323711740549416,0.21322632203686576
