,rouge1,rouge2,rougeL,rougeLsum
0,0.17410349729975894,0.009099808357802556,0.0737226209490984,0.12272525991558667
