,rouge1,rouge2,rougeL,rougeLsum
0,0.1771939620164092,0.009303288936276743,0.07711670366644915,0.10649025870686951
