,rouge1,rouge2,rougeL,rougeLsum
0,0.270159430865398,0.14246247431474746,0.18925990517953378,0.20051730739347215
