,rouge1,rouge2,rougeL,rougeLsum
0,0.20135931664484813,0.011395023373142054,0.08166900291779544,0.10951091800128378
