,rouge1,rouge2,rougeL,rougeLsum
0,0.17473409453712774,0.009346292231237254,0.07620259361948015,0.10327416012622456
