,rouge1,rouge2,rougeL,rougeLsum
0,0.17241564087757139,0.008493469978540016,0.07463036477969431,0.10120666854857688
