,rouge1,rouge2,rougeL,rougeLsum
0,0.2952212080181075,0.1500330646447548,0.20292540350204963,0.21181060625282688
