,rouge1,rouge2,rougeL,rougeLsum
0,0.16661463898728018,0.008272174361248198,0.07612492207297888,0.10279044192533032
