,rouge1,rouge2,rougeL,rougeLsum
0,0.17814814223409037,0.00919734454723344,0.07570985101292482,0.10348698759047413
