,rouge1,rouge2,rougeL,rougeLsum
0,0.16940984347047766,0.008547006915412183,0.0732418041629247,0.10305834835705746
