,rouge1,rouge2,rougeL,rougeLsum
0,0.1712308899856842,0.008439916471034377,0.07305319653860914,0.1016555287341146
