,rouge1,rouge2,rougeL,rougeLsum
0,0.1604755136930885,0.00806314981845967,0.0714575467330154,0.09753932137341784
