,rouge1,rouge2,rougeL,rougeLsum
0,0.2933183718775139,0.150635935349864,0.20258132838874982,0.21136092187030645
