,rouge1,rouge2,rougeL,rougeLsum
0,0.17649839979384196,0.00967069227275917,0.07638668644604536,0.12484398366051598
