,rouge1,rouge2,rougeL,rougeLsum
0,0.1791978317551421,0.01003389062934716,0.08054034888552683,0.13632977313154504
