,rouge1,rouge2,rougeL,rougeLsum
0,0.1834735692788202,0.010084218024921536,0.07387431631828892,0.09985962983705197
