,rouge1,rouge2,rougeL,rougeLsum
0,0.2915724272628676,0.14636533469781973,0.20045884350826648,0.20891755003230017
