,rouge1,rouge2,rougeL,rougeLsum
0,0.2769786451098647,0.14602458412252156,0.19257691518279052,0.2075546045103711
