,rouge1,rouge2,rougeL,rougeLsum
0,0.19994463470513435,0.012095228149277016,0.08117972889370101,0.10782917963451469
