,rouge1,rouge2,rougeL,rougeLsum
0,0.29633690794423717,0.15405954604541394,0.20678967394911918,0.2168393315705902
